"clade"	"gene"	"site"	"alt"
"1I"	"nuc"	1255	"T"
"1I"	"nuc"	1615	"A"
"1I"	"nuc"	1648	"A"
"1I"	"nuc"	2176	"A"
"1I"	"nuc"	2230	"T"
"1I"	"nuc"	2384	"C"
"1I"	"nuc"	2389	"A"
"1I"	"nuc"	3376	"A"
"1I"	"nuc"	3874	"C"
"1I"	"nuc"	3955	"T"
"1I"	"nuc"	4595	"A"
"1I"	"nuc"	5698	"A"
"1I"	"nuc"	6328	"A"
"1I"	"nuc"	6492	"G"
"1I"	"nuc"	6520	"C"
"1I"	"nuc"	7357	"A"
"1I"	"nuc"	7750	"C"
"1I"	"nuc"	8743	"A"
"1I"	"nuc"	8857	"G"
"1I"	"nuc"	9895	"T"
"1I"	"nuc"	10189	"A"
"1I"	"E"	484	"L"
"1I"	"NS4A"	39	"R"
			
"1II"	"nuc"	254	"T"
"1II"	"nuc"	448	"G"
"1II"	"nuc"	1600	"T"
"1II"	"nuc"	3256	"T"
"1II"	"nuc"	3433	"G"
"1II"	"nuc"	3439	"C"
"1II"	"nuc"	3796	"C"
"1II"	"nuc"	3862	"A"
"1II"	"nuc"	4088	"C"
"1II"	"nuc"	5234	"G"
"1II"	"nuc"	6529	"A"
"1II"	"nuc"	8674	"T"
"1II"	"nuc"	9778	"G"
"1II"	"NS1"	279	"F"
"1II"	"NS1"	340	"D"
"1II"	"NS2A"	129	"I"
"1II"	"NS2A"	205	"P"
"1II"	"NS3"	239	"V"
			
"1III"	"nuc"	1309	"T"
"1III"	"nuc"	3079	"G"
"1III"	"nuc"	6322	"C"
"1III"	"nuc"	7102	"G"
"1III"	"nuc"	10264	"C"
"1III"	"NS5"	365	"P"
			
"1III_A"	"nuc"	745	"C"
"1III_A"	"nuc"	6547	"A"
"1III_A"	"nuc"	6580	"T"
"1III_A"	"nuc"	7456	"T"
"1III_A"	"nuc"	412	"C"
"1III_A"	"nuc"	991	"A"
"1III_A"	"nuc"	1156	"T"
"1III_A"	"nuc"	1264	"G"
"1III_A"	"nuc"	1640	"C"
"1III_A"	"nuc"	1856	"C"
"1III_A"	"nuc"	1912	"T"
"1III_A"	"nuc"	2545	"A"
"1III_A"	"nuc"	2719	"A"
"1III_A"	"nuc"	3251	"A"
"1III_A"	"nuc"	3937	"C"
"1III_A"	"nuc"	4013	"C"
"1III_A"	"nuc"	4024	"C"
"1III_A"	"nuc"	4417	"T"
"1III_A"	"nuc"	4426	"C"
"1III_A"	"nuc"	4447	"T"
"1III_A"	"nuc"	4915	"T"
"1III_A"	"nuc"	5293	"C"
"1III_A"	"nuc"	6205	"A"
"1III_A"	"nuc"	6295	"G"
"1III_A"	"nuc"	6715	"T"
"1III_A"	"nuc"	7351	"A"
"1III_A"	"nuc"	7843	"C"
"1III_A"	"nuc"	8398	"T"
"1III_A"	"nuc"	8560	"G"
"1III_A"	"nuc"	9805	"G"
"1III_A"	"nuc"	9892	"G"
"1III_A"	"nuc"	9952	"T"
"1III_A"	"nuc"	10006	"A"
"1III_A"	"nuc"	10066	"C"
"1III_A"	"NS1"	278	"N"
			
"1III_A.1"	"nuc"	496	"T"
"1III_A.1"	"nuc"	8587	"G"
"1III_A.1"	"nuc"	10258	"G"
"1III_A.1"	"NS5"	435	"N"
			
"1III_A.2"	"nuc"	59	"T"
"1III_A.2"	"nuc"	60	"A"
"1III_A.2"	"nuc"	61	"G"
"1III_A.2"	"nuc"	62	"A"
"1III_A.2"	"nuc"	2216	"A"
"1III_A.2"	"nuc"	4915	"G"
"1III_A.2"	"nuc"	5560	"G"
"1III_A.2"	"E"	428	"M"
			
"1III_A.3"	"nuc"	2146	"T"
"1III_A.3"	"nuc"	2800	"A"
"1III_A.3"	"nuc"	6772	"C"
"1III_A.3"	"nuc"	9661	"T"
"1III_A.3"	"NS1"	127	"E"
			
"1III_A.4"	"nuc"	4869	"T"
"1III_A.4"	"nuc"	6923	"C"
"1III_A.4"	"NS3"	117	"M"
			
"1III_B"	"nuc"	625	"C"
"1III_B"	"nuc"	862	"C"
"1III_B"	"nuc"	1151	"C"
"1III_B"	"nuc"	1288	"A"
"1III_B"	"nuc"	2007	"C"
"1III_B"	"nuc"	2296	"A"
"1III_B"	"nuc"	4702	"G"
"1III_B"	"nuc"	4999	"A"
"1III_B"	"nuc"	6304	"A"
"1III_B"	"nuc"	7450	"T"
"1III_B"	"E"	358	"A"
			
"1IV"	"nuc"	4597	"C"
"1IV"	"nuc"	9301	"A"
"1IV"	"nuc"	208	"T"
"1IV"	"nuc"	244	"T"
"1IV"	"nuc"	274	"T"
"1IV"	"nuc"	397	"T"
"1IV"	"nuc"	611	"A"
"1IV"	"nuc"	673	"A"
"1IV"	"nuc"	1045	"C"
"1IV"	"nuc"	1177	"G"
"1IV"	"nuc"	1196	"A"
"1IV"	"nuc"	1246	"T"
"1IV"	"nuc"	1271	"T"
"1IV"	"nuc"	1384	"A"
"1IV"	"nuc"	1387	"T"
"1IV"	"nuc"	1462	"A"
"1IV"	"nuc"	1477	"A"
"1IV"	"nuc"	1555	"C"
"1IV"	"nuc"	1834	"A"
"1IV"	"nuc"	1864	"G"
"1IV"	"nuc"	1891	"T"
"1IV"	"nuc"	1945	"C"
"1IV"	"nuc"	1949	"T"
"1IV"	"nuc"	1963	"G"
"1IV"	"nuc"	2041	"G"
"1IV"	"nuc"	2044	"G"
"1IV"	"nuc"	2116	"G"
"1IV"	"nuc"	2125	"T"
"1IV"	"nuc"	2155	"T"
"1IV"	"nuc"	2188	"T"
"1IV"	"nuc"	2263	"G"
"1IV"	"nuc"	2362	"A"
"1IV"	"nuc"	2371	"T"
"1IV"	"nuc"	2470	"C"
"1IV"	"nuc"	2500	"C"
"1IV"	"nuc"	2527	"C"
"1IV"	"nuc"	2719	"A"
"1IV"	"nuc"	2722	"G"
"1IV"	"nuc"	2875	"C"
"1IV"	"nuc"	3358	"T"
"1IV"	"nuc"	3367	"C"
"1IV"	"nuc"	3380	"C"
"1IV"	"nuc"	3406	"C"
"1IV"	"nuc"	3457	"T"
"1IV"	"nuc"	3541	"A"
"1IV"	"nuc"	3584	"T"
"1IV"	"nuc"	3606	"C"
"1IV"	"nuc"	3641	"C"
"1IV"	"nuc"	3675	"A"
"1IV"	"nuc"	3720	"G"
"1IV"	"nuc"	3739	"A"
"1IV"	"nuc"	3761	"T"
"1IV"	"nuc"	3791	"G"
"1IV"	"nuc"	3814	"T"
"1IV"	"nuc"	3817	"A"
"1IV"	"nuc"	3820	"A"
"1IV"	"nuc"	3844	"A"
"1IV"	"nuc"	3877	"G"
"1IV"	"nuc"	3931	"A"
"1IV"	"nuc"	3938	"G"
"1IV"	"nuc"	3986	"A"
"1IV"	"nuc"	4030	"T"
"1IV"	"nuc"	4061	"C"
"1IV"	"nuc"	4138	"T"
"1IV"	"nuc"	4390	"G"
"1IV"	"nuc"	4441	"A"
"1IV"	"nuc"	4582	"C"
"1IV"	"nuc"	4585	"T"
"1IV"	"nuc"	4595	"C"
"1IV"	"nuc"	4712	"T"
"1IV"	"nuc"	4906	"C"
"1IV"	"nuc"	5305	"T"
"1IV"	"nuc"	5689	"T"
"1IV"	"nuc"	5719	"T"
"1IV"	"nuc"	5737	"T"
"1IV"	"nuc"	5752	"A"
"1IV"	"nuc"	6109	"G"
"1IV"	"nuc"	6349	"A"
"1IV"	"nuc"	6352	"C"
"1IV"	"nuc"	6361	"C"
"1IV"	"nuc"	6427	"A"
"1IV"	"nuc"	6457	"T"
"1IV"	"nuc"	6478	"T"
"1IV"	"nuc"	6505	"C"
"1IV"	"nuc"	6508	"C"
"1IV"	"nuc"	6541	"A"
"1IV"	"nuc"	6566	"C"
"1IV"	"nuc"	6584	"T"
"1IV"	"nuc"	6613	"A"
"1IV"	"nuc"	6625	"T"
"1IV"	"nuc"	6652	"T"
"1IV"	"nuc"	6654	"C"
"1IV"	"nuc"	6700	"T"
"1IV"	"nuc"	6728	"T"
"1IV"	"nuc"	6766	"A"
"1IV"	"nuc"	6905	"G"
"1IV"	"nuc"	7129	"T"
"1IV"	"nuc"	7141	"G"
"1IV"	"nuc"	7243	"A"
"1IV"	"nuc"	7261	"C"
"1IV"	"nuc"	7279	"C"
"1IV"	"nuc"	7376	"C"
"1IV"	"nuc"	7420	"C"
"1IV"	"nuc"	7504	"T"
"1IV"	"nuc"	7540	"T"
"1IV"	"nuc"	7631	"T"
"1IV"	"nuc"	7675	"A"
"1IV"	"nuc"	7690	"T"
"1IV"	"nuc"	7705	"G"
"1IV"	"nuc"	7706	"T"
"1IV"	"nuc"	7732	"C"
"1IV"	"nuc"	7885	"G"
"1IV"	"nuc"	7924	"A"
"1IV"	"nuc"	8668	"G"
"1IV"	"nuc"	8725	"C"
"1IV"	"nuc"	8779	"C"
"1IV"	"nuc"	8842	"G"
"1IV"	"nuc"	8902	"A"
"1IV"	"nuc"	8929	"C"
"1IV"	"nuc"	8938	"A"
"1IV"	"nuc"	8986	"C"
"1IV"	"nuc"	9013	"G"
"1IV"	"nuc"	9020	"T"
"1IV"	"nuc"	9028	"T"
"1IV"	"nuc"	9067	"C"
"1IV"	"nuc"	9244	"A"
"1IV"	"nuc"	9247	"T"
"1IV"	"nuc"	9283	"A"
"1IV"	"nuc"	9295	"C"
"1IV"	"nuc"	9346	"C"
"1IV"	"nuc"	9382	"T"
"1IV"	"nuc"	9388	"C"
"1IV"	"nuc"	9403	"C"
"1IV"	"nuc"	9499	"C"
"1IV"	"nuc"	9524	"A"
"1IV"	"nuc"	9529	"G"
"1IV"	"nuc"	9553	"T"
"1IV"	"nuc"	9589	"A"
"1IV"	"nuc"	9592	"T"
"1IV"	"nuc"	9628	"G"
"1IV"	"nuc"	10105	"A"
"1IV"	"nuc"	10213	"C"
"1IV"	"nuc"	10240	"A"
"1IV"	"M"	59	"T"
"1IV"	"E"	88	"T"
"1IV"	"E"	339	"S"
"1IV"	"NS2A"	44	"T"
"1IV"	"NS2A"	67	"K"
"1IV"	"NS2A"	82	"R"
"1IV"	"NS2A"	106	"V"
"1IV"	"NS2A"	155	"V"
"1IV"	"NS2A"	171	"I"
"1IV"	"NS4A"	93	"A"
"1IV"	"NS4B"	27	"A"
"1IV"	"NS5"	34	"I"
"1IV"	"NS5"	651	"I"
			
"1IV_A"	"nuc"	811	"A"
"1IV_A"	"nuc"	955	"A"
"1IV_A"	"nuc"	1354	"C"
"1IV_A"	"nuc"	3698	"T"
"1IV_A"	"nuc"	4412	"A"
"1IV_A"	"nuc"	8467	"G"
"1IV_A"	"nuc"	9301	"T"
"1IV_A"	"E"	297	"I"
"1IV_A"	"NS2B"	95	"I"
			
"1IV_B"	"nuc"	3238	"A"
"1IV_B"	"nuc"	3271	"T"
"1IV_B"	"nuc"	6859	"G"
"1IV_B"	"nuc"	230	"T"
"1IV_B"	"nuc"	499	"A"
"1IV_B"	"nuc"	901	"T"
"1IV_B"	"nuc"	1192	"G"
"1IV_B"	"nuc"	1363	"A"
"1IV_B"	"nuc"	1481	"T"
"1IV_B"	"nuc"	1672	"A"
"1IV_B"	"nuc"	1846	"G"
"1IV_B"	"nuc"	2038	"A"
"1IV_B"	"nuc"	2068	"T"
"1IV_B"	"nuc"	2215	"G"
"1IV_B"	"nuc"	2240	"A"
"1IV_B"	"nuc"	2257	"G"
"1IV_B"	"nuc"	2494	"C"
"1IV_B"	"nuc"	2536	"T"
"1IV_B"	"nuc"	2551	"G"
"1IV_B"	"nuc"	3229	"G"
"1IV_B"	"nuc"	3749	"C"
"1IV_B"	"nuc"	3751	"G"
"1IV_B"	"nuc"	4058	"T"
"1IV_B"	"nuc"	4132	"C"
"1IV_B"	"nuc"	4180	"T"
"1IV_B"	"nuc"	4264	"T"
"1IV_B"	"nuc"	4861	"T"
"1IV_B"	"nuc"	5359	"T"
"1IV_B"	"nuc"	5419	"T"
"1IV_B"	"nuc"	5833	"C"
"1IV_B"	"nuc"	5881	"C"
"1IV_B"	"nuc"	6448	"C"
"1IV_B"	"nuc"	6463	"T"
"1IV_B"	"nuc"	6604	"G"
"1IV_B"	"nuc"	6679	"A"
"1IV_B"	"nuc"	6745	"G"
"1IV_B"	"nuc"	6784	"C"
"1IV_B"	"nuc"	6797	"C"
"1IV_B"	"nuc"	6842	"C"
"1IV_B"	"nuc"	6898	"T"
"1IV_B"	"nuc"	7198	"C"
"1IV_B"	"nuc"	7417	"A"
"1IV_B"	"nuc"	7648	"C"
"1IV_B"	"nuc"	7708	"A"
"1IV_B"	"nuc"	7723	"G"
"1IV_B"	"nuc"	7726	"T"
"1IV_B"	"nuc"	8002	"C"
"1IV_B"	"nuc"	8150	"T"
"1IV_B"	"nuc"	8371	"A"
"1IV_B"	"nuc"	10048	"C"
"1IV_B"	"E"	436	"I"
			
"1IV_B.1"	"nuc"	451	"T"
"1IV_B.1"	"nuc"	1534	"G"
"1IV_B.1"	"nuc"	2155	"C"
"1IV_B.1"	"nuc"	781	"T"
"1IV_B.1"	"nuc"	1003	"A"
"1IV_B.1"	"nuc"	1135	"T"
"1IV_B.1"	"nuc"	1777	"G"
"1IV_B.1"	"nuc"	1903	"A"
"1IV_B.1"	"nuc"	3089	"G"
"1IV_B.1"	"nuc"	3236	"C"
"1IV_B.1"	"nuc"	3616	"G"
"1IV_B.1"	"nuc"	3640	"A"
"1IV_B.1"	"nuc"	3643	"G"
"1IV_B.1"	"nuc"	3691	"G"
"1IV_B.1"	"nuc"	3781	"C"
"1IV_B.1"	"nuc"	4195	"A"
"1IV_B.1"	"nuc"	4582	"T"
"1IV_B.1"	"nuc"	4870	"A"
"1IV_B.1"	"nuc"	5224	"A"
"1IV_B.1"	"nuc"	5536	"T"
"1IV_B.1"	"nuc"	5590	"A"
"1IV_B.1"	"nuc"	6070	"C"
"1IV_B.1"	"nuc"	6256	"T"
"1IV_B.1"	"nuc"	7501	"C"
"1IV_B.1"	"nuc"	7624	"G"
"1IV_B.1"	"nuc"	7636	"T"
"1IV_B.1"	"nuc"	8089	"T"
"1IV_B.1"	"nuc"	8251	"T"
"1IV_B.1"	"nuc"	8671	"G"
"1IV_B.1"	"nuc"	9058	"T"
"1IV_B.1"	"nuc"	9100	"G"
"1IV_B.1"	"nuc"	9658	"C"
"1IV_B.1"	"nuc"	9784	"T"
"1IV_B.1"	"nuc"	9919	"C"
"1IV_B.1"	"nuc"	10272	"G"
"1IV_B.1"	"NS1"	224	"V"
			
"1IV_B.2"	"nuc"	4054	"C"
"1IV_B.2"	"nuc"	4477	"T"
"1IV_B.2"	"nuc"	8554	"G"
"1IV_B.2"	"nuc"	901	"C"
"1IV_B.2"	"nuc"	943	"T"
"1IV_B.2"	"nuc"	1174	"T"
"1IV_B.2"	"nuc"	1285	"A"
"1IV_B.2"	"nuc"	1291	"C"
"1IV_B.2"	"nuc"	1337	"C"
"1IV_B.2"	"nuc"	1531	"A"
"1IV_B.2"	"nuc"	1780	"T"
"1IV_B.2"	"nuc"	2488	"C"
"1IV_B.2"	"nuc"	2575	"A"
"1IV_B.2"	"nuc"	2686	"T"
"1IV_B.2"	"nuc"	3156	"C"
"1IV_B.2"	"nuc"	3157	"G"
"1IV_B.2"	"nuc"	3175	"C"
"1IV_B.2"	"nuc"	3493	"T"
"1IV_B.2"	"nuc"	3718	"T"
"1IV_B.2"	"nuc"	3838	"A"
"1IV_B.2"	"nuc"	3892	"C"
"1IV_B.2"	"nuc"	4297	"A"
"1IV_B.2"	"nuc"	4306	"T"
"1IV_B.2"	"nuc"	4882	"T"
"1IV_B.2"	"nuc"	4993	"C"
"1IV_B.2"	"nuc"	5113	"A"
"1IV_B.2"	"nuc"	5152	"A"
"1IV_B.2"	"nuc"	5299	"C"
"1IV_B.2"	"nuc"	5311	"T"
"1IV_B.2"	"nuc"	5314	"C"
"1IV_B.2"	"nuc"	5419	"C"
"1IV_B.2"	"nuc"	5527	"A"
"1IV_B.2"	"nuc"	5755	"T"
"1IV_B.2"	"nuc"	5833	"T"
"1IV_B.2"	"nuc"	5932	"C"
"1IV_B.2"	"nuc"	6118	"C"
"1IV_B.2"	"nuc"	6124	"A"
"1IV_B.2"	"nuc"	6541	"G"
"1IV_B.2"	"nuc"	6874	"C"
"1IV_B.2"	"nuc"	6952	"C"
"1IV_B.2"	"nuc"	7222	"G"
"1IV_B.2"	"nuc"	7435	"T"
"1IV_B.2"	"nuc"	7675	"G"
"1IV_B.2"	"nuc"	7963	"G"
"1IV_B.2"	"nuc"	8011	"C"
"1IV_B.2"	"nuc"	8128	"C"
"1IV_B.2"	"nuc"	8227	"T"
"1IV_B.2"	"nuc"	8293	"C"
"1IV_B.2"	"nuc"	8500	"A"
"1IV_B.2"	"nuc"	9013	"A"
"1IV_B.2"	"nuc"	9298	"A"
"1IV_B.2"	"nuc"	9525	"C"
"1IV_B.2"	"nuc"	9625	"G"
"1IV_B.2"	"NS1"	246	"T"
"1IV_B.2"	"NS5"	34	"M"
"1IV_B.2"	"NS5"	651	"T"
			
"1IV_C"	"nuc"	3675	"T"
"1IV_C"	"nuc"	4318	"T"
"1IV_C"	"nuc"	7477	"T"
"1IV_C"	"nuc"	8698	"A"
"1IV_C"	"NS2A"	67	"M"
"1IV_C"	"NS2B"	63	"D"
			
"1I_A"	"nuc"	1834	"T"
"1I_A"	"nuc"	7216	"G"
"1I_A"	"nuc"	109	"A"
"1I_A"	"nuc"	646	"T"
"1I_A"	"nuc"	700	"G"
"1I_A"	"nuc"	886	"A"
"1I_A"	"nuc"	1962	"G"
"1I_A"	"nuc"	2008	"T"
"1I_A"	"nuc"	2104	"T"
"1I_A"	"nuc"	2413	"C"
"1I_A"	"nuc"	2560	"A"
"1I_A"	"nuc"	2839	"T"
"1I_A"	"nuc"	3079	"C"
"1I_A"	"nuc"	3403	"A"
"1I_A"	"nuc"	3637	"T"
"1I_A"	"nuc"	3697	"T"
"1I_A"	"nuc"	3748	"G"
"1I_A"	"nuc"	3751	"G"
"1I_A"	"nuc"	3833	"C"
"1I_A"	"nuc"	4435	"C"
"1I_A"	"nuc"	4477	"A"
"1I_A"	"nuc"	4516	"A"
"1I_A"	"nuc"	4570	"C"
"1I_A"	"nuc"	4699	"C"
"1I_A"	"nuc"	4714	"A"
"1I_A"	"nuc"	4861	"T"
"1I_A"	"nuc"	4894	"T"
"1I_A"	"nuc"	5017	"C"
"1I_A"	"nuc"	5398	"T"
"1I_A"	"nuc"	6010	"C"
"1I_A"	"nuc"	6379	"T"
"1I_A"	"nuc"	6463	"T"
"1I_A"	"nuc"	6603	"A"
"1I_A"	"nuc"	6682	"T"
"1I_A"	"nuc"	6694	"A"
"1I_A"	"nuc"	6715	"T"
"1I_A"	"nuc"	7066	"T"
"1I_A"	"nuc"	8725	"C"
"1I_A"	"E"	343	"R"
"1I_A"	"NS4A"	76	"K"
			
"1I_B"	"nuc"	523	"T"
"1I_B"	"nuc"	1985	"G"
"1I_B"	"nuc"	7279	"A"
"1I_B"	"nuc"	7483	"C"
"1I_B"	"nuc"	7501	"A"
"1I_B"	"nuc"	7895	"G"
"1I_B"	"nuc"	8090	"C"
"1I_B"	"nuc"	8833	"T"
"1I_B"	"nuc"	9616	"C"
"1I_B"	"E"	351	"V"
"1I_B"	"NS5"	108	"A"
			
"1I_C"	"nuc"	235	"A"
"1I_C"	"nuc"	1180	"T"
"1I_C"	"nuc"	3397	"G"
"1I_C"	"nuc"	3569	"T"
"1I_C"	"nuc"	3613	"G"
"1I_C"	"nuc"	4166	"G"
"1I_C"	"nuc"	5968	"C"
"1I_C"	"nuc"	7363	"T"
"1I_C"	"nuc"	8356	"T"
"1I_C"	"nuc"	8878	"A"
"1I_C"	"nuc"	9208	"T"
"1I_C"	"nuc"	9721	"A"
"1I_C"	"nuc"	10151	"T"
"1I_C"	"nuc"	10247	"G"
"1I_C"	"NS2B"	13	"V"
"1I_C"	"NS5"	435	"Q"
"1I_C"	"NS5"	892	"G"
			
"1I_D"	"nuc"	925	"T"
"1I_D"	"nuc"	4264	"A"
"1I_D"	"nuc"	9148	"T"
"1I_D"	"nuc"	457	"A"
"1I_D"	"nuc"	595	"T"
"1I_D"	"nuc"	612	"T"
"1I_D"	"nuc"	755	"G"
"1I_D"	"nuc"	2383	"T"
"1I_D"	"nuc"	2602	"C"
"1I_D"	"nuc"	2725	"G"
"1I_D"	"nuc"	3010	"T"
"1I_D"	"nuc"	3109	"C"
"1I_D"	"nuc"	4007	"C"
"1I_D"	"nuc"	4951	"G"
"1I_D"	"nuc"	5338	"T"
"1I_D"	"nuc"	5416	"A"
"1I_D"	"nuc"	5980	"C"
"1I_D"	"nuc"	6052	"A"
"1I_D"	"nuc"	6196	"C"
"1I_D"	"nuc"	6654	"C"
"1I_D"	"nuc"	7132	"A"
"1I_D"	"nuc"	7672	"A"
"1I_D"	"nuc"	7708	"A"
"1I_D"	"nuc"	8392	"G"
"1I_D"	"nuc"	9859	"A"
"1I_D"	"M"	59	"V"
"1I_D"	"M"	107	"A"
"1I_D"	"NS2A"	178	"L"
"1I_D"	"NS4A"	93	"A"
			
"1I_E"	"nuc"	6370	"G"
"1I_E"	"nuc"	318	"G"
"1I_E"	"nuc"	505	"C"
"1I_E"	"nuc"	610	"A"
"1I_E"	"nuc"	613	"T"
"1I_E"	"nuc"	640	"T"
"1I_E"	"nuc"	1363	"T"
"1I_E"	"nuc"	1369	"C"
"1I_E"	"nuc"	1789	"C"
"1I_E"	"nuc"	2008	"T"
"1I_E"	"nuc"	2071	"A"
"1I_E"	"nuc"	2647	"T"
"1I_E"	"nuc"	2668	"T"
"1I_E"	"nuc"	2719	"A"
"1I_E"	"nuc"	2722	"G"
"1I_E"	"nuc"	2938	"T"
"1I_E"	"nuc"	3211	"A"
"1I_E"	"nuc"	3367	"C"
"1I_E"	"nuc"	3448	"A"
"1I_E"	"nuc"	3628	"C"
"1I_E"	"nuc"	3730	"G"
"1I_E"	"nuc"	3754	"T"
"1I_E"	"nuc"	4069	"C"
"1I_E"	"nuc"	4128	"G"
"1I_E"	"nuc"	4486	"C"
"1I_E"	"nuc"	4543	"C"
"1I_E"	"nuc"	4642	"C"
"1I_E"	"nuc"	4792	"A"
"1I_E"	"nuc"	5401	"T"
"1I_E"	"nuc"	5455	"A"
"1I_E"	"nuc"	5719	"C"
"1I_E"	"nuc"	5776	"A"
"1I_E"	"nuc"	5860	"A"
"1I_E"	"nuc"	6337	"A"
"1I_E"	"nuc"	6583	"A"
"1I_E"	"nuc"	6625	"T"
"1I_E"	"nuc"	6640	"A"
"1I_E"	"nuc"	7648	"T"
"1I_E"	"nuc"	7706	"T"
"1I_E"	"nuc"	7957	"T"
"1I_E"	"nuc"	8706	"A"
"1I_E"	"nuc"	8752	"C"
"1I_E"	"nuc"	8878	"T"
"1I_E"	"nuc"	9225	"G"
"1I_E"	"nuc"	9932	"A"
"1I_E"	"C"	75	"S"
"1I_E"	"NS2A"	218	"R"
"1I_E"	"NS5"	378	"K"
"1I_E"	"NS5"	551	"R"
"1I_E"	"NS5"	787	"I"
			
"1I_E.1"	"nuc"	4072	"A"
"1I_E.1"	"nuc"	6631	"T"
"1I_E.1"	"nuc"	368	"C"
"1I_E.1"	"nuc"	409	"T"
"1I_E.1"	"nuc"	571	"C"
"1I_E.1"	"nuc"	1088	"G"
"1I_E.1"	"nuc"	1580	"T"
"1I_E.1"	"nuc"	1699	"G"
"1I_E.1"	"nuc"	2563	"A"
"1I_E.1"	"nuc"	2770	"T"
"1I_E.1"	"nuc"	3001	"C"
"1I_E.1"	"nuc"	3053	"T"
"1I_E.1"	"nuc"	3184	"T"
"1I_E.1"	"nuc"	3956	"C"
"1I_E.1"	"nuc"	4141	"T"
"1I_E.1"	"nuc"	4447	"C"
"1I_E.1"	"nuc"	4531	"G"
"1I_E.1"	"nuc"	4969	"C"
"1I_E.1"	"nuc"	5281	"G"
"1I_E.1"	"nuc"	5617	"C"
"1I_E.1"	"nuc"	6603	"A"
"1I_E.1"	"nuc"	6931	"C"
"1I_E.1"	"nuc"	7939	"T"
"1I_E.1"	"nuc"	7940	"T"
"1I_E.1"	"nuc"	8590	"G"
"1I_E.1"	"nuc"	9406	"T"
"1I_E.1"	"nuc"	9436	"G"
"1I_E.1"	"nuc"	9784	"C"
"1I_E.1"	"E"	52	"D"
"1I_E.1"	"NS4A"	76	"K"
			
"1I_E.1.1"	"nuc"	407	"T"
"1I_E.1.1"	"nuc"	879	"C"
"1I_E.1.1"	"nuc"	2667	"G"
"1I_E.1.1"	"nuc"	4072	"G"
"1I_E.1.1"	"nuc"	8233	"A"
"1I_E.1.1"	"C"	105	"F"
"1I_E.1.1"	"M"	148	"T"
"1I_E.1.1"	"NS1"	83	"G"
			
"1I_E.1.2"	"nuc"	3185	"A"
"1I_E.1.2"	"nuc"	4227	"C"
"1I_E.1.2"	"nuc"	5148	"A"
"1I_E.1.2"	"nuc"	7016	"G"
"1I_E.1.2"	"NS1"	256	"N"
"1I_E.1.2"	"NS2B"	33	"T"
"1I_E.1.2"	"NS3"	210	"H"
"1I_E.1.2"	"NS4B"	64	"V"
			
"1I_E.2"	"nuc"	8718	"C"
"1I_E.2"	"NS5"	382	"A"
			
"1I_E.3"	"nuc"	313	"A"
"1I_E.3"	"nuc"	625	"T"
"1I_E.3"	"nuc"	1942	"C"
"1I_E.3"	"nuc"	2485	"T"
"1I_E.3"	"nuc"	2911	"A"
"1I_E.3"	"nuc"	3199	"C"
"1I_E.3"	"nuc"	3451	"C"
"1I_E.3"	"nuc"	3538	"A"
"1I_E.3"	"nuc"	4393	"C"
"1I_E.3"	"nuc"	4420	"C"
"1I_E.3"	"nuc"	4627	"G"
"1I_E.3"	"nuc"	5005	"T"
"1I_E.3"	"nuc"	5257	"G"
"1I_E.3"	"nuc"	5974	"C"
"1I_E.3"	"nuc"	6010	"C"
"1I_E.3"	"nuc"	6148	"G"
"1I_E.3"	"nuc"	6478	"T"
"1I_E.3"	"nuc"	9067	"T"
"1I_E.3"	"nuc"	9406	"T"
"1I_E.3"	"nuc"	9498	"C"
"1I_E.3"	"nuc"	9513	"G"
"1I_E.3"	"nuc"	9649	"G"
"1I_E.3"	"NS5"	642	"A"
"1I_E.3"	"NS5"	647	"G"
			
"1I_E.4"	"nuc"	8367	"T"
"1I_E.4"	"NS5"	265	"V"
			
"1I_F"	"nuc"	3109	"C"
"1I_F"	"nuc"	3493	"T"
"1I_F"	"nuc"	5386	"T"
"1I_F"	"nuc"	5903	"G"
"1I_F"	"nuc"	6211	"T"
"1I_F"	"nuc"	6400	"G"
"1I_F"	"nuc"	7888	"G"
"1I_F"	"nuc"	8098	"T"
"1I_F"	"nuc"	9260	"T"
"1I_F"	"nuc"	10084	"C"
"1I_F"	"NS3"	462	"V"
			
"1I_G"	"nuc"	1442	"T"
"1I_G"	"E"	170	"S"
			
"1I_H"	"nuc"	1381	"T"
"1I_H"	"nuc"	2359	"C"
"1I_H"	"nuc"	2810	"T"
"1I_H"	"nuc"	2824	"T"
"1I_H"	"nuc"	3091	"T"
"1I_H"	"nuc"	5599	"C"
"1I_H"	"nuc"	6398	"C"
"1I_H"	"nuc"	8065	"T"
"1I_H"	"nuc"	9592	"C"
"1I_H"	"nuc"	10085	"C"
"1I_H"	"NS1"	131	"S"
			
"1I_H.1"	"nuc"	6298	"C"
"1I_H.1"	"nuc"	393	"A"
"1I_H.1"	"nuc"	1055	"C"
"1I_H.1"	"nuc"	1144	"T"
"1I_H.1"	"nuc"	1505	"T"
"1I_H.1"	"nuc"	2446	"G"
"1I_H.1"	"nuc"	2769	"A"
"1I_H.1"	"nuc"	2770	"T"
"1I_H.1"	"nuc"	2849	"T"
"1I_H.1"	"nuc"	3242	"T"
"1I_H.1"	"nuc"	4237	"T"
"1I_H.1"	"nuc"	4553	"A"
"1I_H.1"	"nuc"	4660	"T"
"1I_H.1"	"nuc"	4852	"G"
"1I_H.1"	"nuc"	4930	"C"
"1I_H.1"	"nuc"	4951	"G"
"1I_H.1"	"nuc"	5071	"C"
"1I_H.1"	"nuc"	5770	"C"
"1I_H.1"	"nuc"	6526	"T"
"1I_H.1"	"nuc"	7138	"C"
"1I_H.1"	"nuc"	7346	"C"
"1I_H.1"	"nuc"	7447	"A"
"1I_H.1"	"nuc"	8572	"T"
"1I_H.1"	"nuc"	8608	"C"
"1I_H.1"	"nuc"	8695	"A"
"1I_H.1"	"nuc"	9592	"T"
"1I_H.1"	"nuc"	9952	"T"
"1I_H.1"	"nuc"	10084	"C"
"1I_H.1"	"nuc"	10090	"G"
"1I_H.1"	"C"	100	"K"
"1I_H.1"	"NS1"	117	"N"
"1I_H.1"	"NS1"	144	"S"
"1I_H.1"	"NS3"	12	"K"
			
"1I_H.2"	"nuc"	3016	"C"
"1I_H.2"	"nuc"	3158	"C"
"1I_H.2"	"nuc"	6550	"T"
"1I_H.2"	"NS1"	247	"H"
			
"1I_H.3"	"nuc"	823	"G"
"1I_H.3"	"nuc"	424	"C"
"1I_H.3"	"nuc"	1780	"T"
"1I_H.3"	"nuc"	2099	"T"
"1I_H.3"	"nuc"	2350	"T"
"1I_H.3"	"nuc"	2515	"T"
"1I_H.3"	"nuc"	3091	"C"
"1I_H.3"	"nuc"	3199	"C"
"1I_H.3"	"nuc"	4901	"T"
"1I_H.3"	"nuc"	5116	"A"
"1I_H.3"	"nuc"	5221	"G"
"1I_H.3"	"nuc"	5437	"T"
"1I_H.3"	"nuc"	5515	"C"
"1I_H.3"	"nuc"	6554	"C"
"1I_H.3"	"nuc"	6652	"T"
"1I_H.3"	"nuc"	6727	"A"
"1I_H.3"	"nuc"	6805	"T"
"1I_H.3"	"nuc"	8950	"G"
"1I_H.3"	"nuc"	9550	"T"
"1I_H.3"	"nuc"	9952	"T"
			
"1I_J"	"nuc"	6509	"C"
"1I_J"	"NS4A"	45	"L"
			
"1I_K"	"nuc"	898	"C"
"1I_K"	"nuc"	1030	"T"
"1I_K"	"nuc"	1996	"C"
"1I_K"	"nuc"	2392	"G"
"1I_K"	"nuc"	2719	"A"
"1I_K"	"nuc"	3749	"C"
"1I_K"	"nuc"	5695	"C"
"1I_K"	"nuc"	7279	"C"
"1I_K"	"nuc"	8797	"C"
"1I_K"	"nuc"	8965	"T"
"1I_K"	"nuc"	9535	"A"
"1I_K"	"nuc"	9838	"A"
			
"1I_K.1"	"nuc"	286	"G"
"1I_K.1"	"nuc"	368	"C"
"1I_K.1"	"nuc"	748	"G"
"1I_K.1"	"nuc"	1144	"T"
"1I_K.1"	"nuc"	1789	"C"
"1I_K.1"	"nuc"	2563	"A"
"1I_K.1"	"nuc"	2566	"G"
"1I_K.1"	"nuc"	2731	"C"
"1I_K.1"	"nuc"	3778	"C"
"1I_K.1"	"nuc"	3823	"G"
"1I_K.1"	"nuc"	3920	"C"
"1I_K.1"	"nuc"	4013	"C"
"1I_K.1"	"nuc"	4993	"C"
"1I_K.1"	"nuc"	5449	"G"
"1I_K.1"	"nuc"	5470	"T"
"1I_K.1"	"nuc"	5932	"C"
"1I_K.1"	"nuc"	6046	"T"
"1I_K.1"	"nuc"	6190	"A"
"1I_K.1"	"nuc"	6610	"G"
"1I_K.1"	"nuc"	7331	"T"
"1I_K.1"	"nuc"	7355	"T"
"1I_K.1"	"nuc"	7517	"T"
"1I_K.1"	"nuc"	9028	"T"
"1I_K.1"	"nuc"	9491	"A"
"1I_K.1"	"nuc"	9595	"T"
"1I_K.1"	"nuc"	9655	"G"
"1I_K.1"	"nuc"	10261	"A"
"1I_K.1"	"NS5"	640	"K"
			
"1I_K.1.1"	"nuc"	262	"C"
"1I_K.1.1"	"nuc"	9449	"A"
"1I_K.1.1"	"nuc"	9940	"C"
"1I_K.1.1"	"nuc"	9961	"A"
"1I_K.1.1"	"NS5"	626	"R"
			
"1I_K.1.2"	"nuc"	8320	"T"
"1I_K.1.2"	"nuc"	10203	"G"
"1I_K.1.2"	"NS5"	877	"S"
			
"1I_K.2"	"nuc"	3085	"G"
"1I_K.2"	"nuc"	3694	"C"
"1I_K.2"	"nuc"	6199	"C"
"1I_K.2"	"nuc"	544	"C"
"1I_K.2"	"nuc"	715	"T"
"1I_K.2"	"nuc"	2380	"C"
"1I_K.2"	"nuc"	2719	"G"
"1I_K.2"	"nuc"	4699	"C"
"1I_K.2"	"nuc"	5062	"T"
"1I_K.2"	"nuc"	5536	"T"
"1I_K.2"	"nuc"	5920	"C"
"1I_K.2"	"nuc"	6772	"T"
"1I_K.2"	"nuc"	7039	"T"
"1I_K.2"	"nuc"	7267	"T"
"1I_K.2"	"nuc"	8002	"C"
"1I_K.2"	"nuc"	8506	"A"
"1I_K.2"	"nuc"	8632	"A"
"1I_K.2"	"nuc"	9509	"T"
"1I_K.2"	"nuc"	9958	"T"
"1I_K.2"	"nuc"	10015	"A"
			
"1I_K.3"	"nuc"	3976	"G"
"1I_K.3"	"nuc"	9258	"A"
"1I_K.3"	"nuc"	10043	"A"
"1I_K.3"	"NS5"	562	"Q"
"1I_K.3"	"NS5"	824	"K"
			
"1I_K.4"	"nuc"	581	"C"
"1I_K.4"	"nuc"	2950	"G"
"1I_K.4"	"nuc"	4168	"T"
"1I_K.4"	"nuc"	6304	"T"
"1I_K.4"	"nuc"	6388	"A"
"1I_K.4"	"nuc"	7717	"G"
"1I_K.4"	"M"	49	"L"
			
"1I_K.5"	"nuc"	2866	"T"
"1I_K.5"	"nuc"	7201	"T"
"1I_K.5"	"nuc"	8083	"G"
"1I_K.5"	"nuc"	9586	"C"
"1I_K.5"	"nuc"	679	"T"
"1I_K.5"	"nuc"	2399	"C"
"1I_K.5"	"nuc"	2731	"C"
"1I_K.5"	"nuc"	3053	"T"
"1I_K.5"	"nuc"	3469	"T"
"1I_K.5"	"nuc"	3955	"T"
"1I_K.5"	"nuc"	3956	"C"
"1I_K.5"	"nuc"	4825	"G"
"1I_K.5"	"nuc"	5919	"G"
"1I_K.5"	"nuc"	6106	"G"
"1I_K.5"	"nuc"	6121	"C"
"1I_K.5"	"nuc"	6463	"C"
"1I_K.5"	"nuc"	6694	"A"
"1I_K.5"	"nuc"	7756	"G"
"1I_K.5"	"nuc"	7882	"C"
"1I_K.5"	"nuc"	8020	"A"
"1I_K.5"	"nuc"	8869	"T"
"1I_K.5"	"nuc"	9064	"T"
"1I_K.5"	"nuc"	9235	"T"
"1I_K.5"	"nuc"	10006	"A"
"1I_K.5"	"NS3"	467	"S"
			
"1I_K.6"	"nuc"	8638	"G"
"1I_K.6"	"nuc"	9040	"A"
"1I_K.6"	"nuc"	625	"T"
"1I_K.6"	"nuc"	826	"T"
"1I_K.6"	"nuc"	1228	"T"
"1I_K.6"	"nuc"	1384	"A"
"1I_K.6"	"nuc"	1972	"T"
"1I_K.6"	"nuc"	2008	"T"
"1I_K.6"	"nuc"	2023	"G"
"1I_K.6"	"nuc"	2122	"T"
"1I_K.6"	"nuc"	2716	"G"
"1I_K.6"	"nuc"	3816	"C"
"1I_K.6"	"nuc"	4270	"T"
"1I_K.6"	"nuc"	5045	"T"
"1I_K.6"	"nuc"	5275	"T"
"1I_K.6"	"nuc"	5329	"T"
"1I_K.6"	"nuc"	5356	"T"
"1I_K.6"	"nuc"	6085	"A"
"1I_K.6"	"nuc"	6622	"C"
"1I_K.6"	"nuc"	6892	"C"
"1I_K.6"	"nuc"	7414	"G"
"1I_K.6"	"nuc"	7840	"T"
"1I_K.6"	"nuc"	8362	"C"
"1I_K.6"	"nuc"	8887	"A"
"1I_K.6"	"nuc"	8954	"T"
"1I_K.6"	"nuc"	9121	"C"
"1I_K.6"	"nuc"	9721	"C"
"1I_K.6"	"NS2A"	114	"A"
			
"1I_K.7"	"nuc"	3742	"G"
"1I_K.7"	"nuc"	8348	"A"
"1I_K.7"	"NS5"	259	"T"
			
"1V"	"nuc"	1393	"C"
"1V"	"nuc"	412	"C"
"1V"	"nuc"	736	"A"
"1V"	"nuc"	854	"T"
"1V"	"nuc"	3118	"T"
"1V"	"nuc"	4900	"T"
"1V"	"nuc"	5330	"T"
"1V"	"nuc"	5659	"A"
"1V"	"nuc"	6184	"T"
"1V"	"nuc"	6654	"C"
"1V"	"nuc"	6927	"G"
"1V"	"nuc"	7030	"C"
"1V"	"nuc"	7198	"A"
"1V"	"nuc"	7213	"G"
"1V"	"nuc"	7291	"C"
"1V"	"nuc"	9172	"T"
"1V"	"nuc"	9550	"T"
"1V"	"nuc"	9919	"C"
"1V"	"nuc"	10192	"C"
"1V"	"NS4A"	93	"A"
"1V"	"NS4B"	34	"R"
			
"1VII"	"nuc"	2615	"G"
"1VII"	"NS1"	66	"V"
			
"1VII_A"	"nuc"	1300	"A"
"1VII_A"	"nuc"	2608	"G"
"1VII_A"	"nuc"	4712	"G"
"1VII_A"	"nuc"	4781	"C"
"1VII_A"	"nuc"	5722	"C"
"1VII_A"	"nuc"	6098	"A"
"1VII_A"	"nuc"	9664	"G"
"1VII_A"	"NS3"	65	"V"
			
"1VII_B"	"nuc"	3322	"T"
"1VII_B"	"nuc"	3475	"G"
"1VII_B"	"nuc"	3577	"C"
"1VII_B"	"nuc"	3997	"G"
"1VII_B"	"nuc"	5668	"C"
"1VII_B"	"nuc"	6451	"A"
"1VII_B"	"nuc"	8503	"A"
"1VII_B"	"nuc"	9331	"T"
"1VII_B"	"nuc"	9917	"A"
"1VII_B"	"NS4A"	93	"I"
"1VII_B"	"NS5"	782	"I"
			
"1V_A"	"nuc"	3527	"C"
"1V_A"	"nuc"	5014	"C"
"1V_A"	"NS2A"	18	"L"
			
"1V_B"	"nuc"	2914	"T"
"1V_B"	"nuc"	4333	"A"
"1V_B"	"nuc"	5293	"A"
"1V_B"	"nuc"	6858	"G"
"1V_B"	"nuc"	7420	"G"
"1V_B"	"NS4B"	11	"R"
			
"1V_C"	"nuc"	3307	"T"
"1V_C"	"nuc"	2176	"T"
"1V_C"	"nuc"	2395	"A"
"1V_C"	"nuc"	2924	"T"
"1V_C"	"nuc"	3274	"C"
"1V_C"	"nuc"	3803	"T"
"1V_C"	"nuc"	4084	"G"
"1V_C"	"nuc"	4321	"G"
"1V_C"	"nuc"	4352	"C"
"1V_C"	"nuc"	6160	"G"
"1V_C"	"nuc"	6508	"C"
"1V_C"	"nuc"	6625	"C"
"1V_C"	"nuc"	6629	"C"
"1V_C"	"nuc"	6733	"T"
"1V_C"	"nuc"	7669	"A"
"1V_C"	"nuc"	8066	"T"
"1V_C"	"nuc"	9067	"C"
"1V_C"	"nuc"	9610	"C"
"1V_C"	"nuc"	10153	"T"
"1V_C"	"nuc"	10165	"G"
			
"1V_D"	"nuc"	854	"C"
"1V_D"	"nuc"	568	"G"
"1V_D"	"nuc"	652	"T"
"1V_D"	"nuc"	1640	"C"
"1V_D"	"nuc"	1819	"A"
"1V_D"	"nuc"	2248	"A"
"1V_D"	"nuc"	2770	"T"
"1V_D"	"nuc"	2986	"A"
"1V_D"	"nuc"	4516	"A"
"1V_D"	"nuc"	4843	"C"
"1V_D"	"nuc"	5578	"C"
"1V_D"	"nuc"	5683	"G"
"1V_D"	"nuc"	6226	"A"
"1V_D"	"nuc"	7360	"C"
"1V_D"	"nuc"	7432	"A"
"1V_D"	"nuc"	7555	"C"
"1V_D"	"nuc"	7576	"C"
"1V_D"	"nuc"	7653	"T"
"1V_D"	"nuc"	8395	"C"
"1V_D"	"nuc"	8830	"T"
"1V_D"	"nuc"	9526	"T"
"1V_D"	"nuc"	9928	"C"
"1V_D"	"NS5"	27	"I"
			
"1V_D.1"	"nuc"	1693	"A"
"1V_D.1"	"nuc"	2437	"T"
"1V_D.1"	"nuc"	7126	"C"
			
"1V_D.1.1"	"nuc"	3772	"G"
"1V_D.1.1"	"nuc"	10180	"A"
"1V_D.1.1"	"nuc"	429	"T"
"1V_D.1.1"	"nuc"	595	"T"
"1V_D.1.1"	"nuc"	1528	"G"
"1V_D.1.1"	"nuc"	2221	"C"
"1V_D.1.1"	"nuc"	2476	"C"
"1V_D.1.1"	"nuc"	5920	"T"
"1V_D.1.1"	"nuc"	6004	"T"
"1V_D.1.1"	"nuc"	6463	"T"
"1V_D.1.1"	"nuc"	6652	"T"
"1V_D.1.1"	"nuc"	7243	"A"
"1V_D.1.1"	"nuc"	8881	"G"
"1V_D.1.1"	"nuc"	9583	"T"
"1V_D.1.1"	"nuc"	9890	"T"
"1V_D.1.1"	"nuc"	10255	"T"
"1V_D.1.1"	"C"	112	"V"
			
"1V_D.1.2"	"nuc"	3178	"A"
"1V_D.1.2"	"nuc"	802	"G"
"1V_D.1.2"	"nuc"	1054	"G"
"1V_D.1.2"	"nuc"	1123	"A"
"1V_D.1.2"	"nuc"	1291	"T"
"1V_D.1.2"	"nuc"	1633	"G"
"1V_D.1.2"	"nuc"	1947	"T"
"1V_D.1.2"	"nuc"	2836	"T"
"1V_D.1.2"	"nuc"	3367	"T"
"1V_D.1.2"	"nuc"	3838	"A"
"1V_D.1.2"	"nuc"	3923	"T"
"1V_D.1.2"	"nuc"	3928	"C"
"1V_D.1.2"	"nuc"	4241	"T"
"1V_D.1.2"	"nuc"	4660	"T"
"1V_D.1.2"	"nuc"	5407	"A"
"1V_D.1.2"	"nuc"	5788	"G"
"1V_D.1.2"	"nuc"	6346	"T"
"1V_D.1.2"	"nuc"	6671	"G"
"1V_D.1.2"	"nuc"	7156	"A"
"1V_D.1.2"	"nuc"	7252	"T"
"1V_D.1.2"	"nuc"	7378	"A"
"1V_D.1.2"	"nuc"	7576	"T"
"1V_D.1.2"	"nuc"	7672	"C"
"1V_D.1.2"	"nuc"	7681	"A"
"1V_D.1.2"	"nuc"	8491	"G"
"1V_D.1.2"	"nuc"	8656	"T"
"1V_D.1.2"	"nuc"	8752	"T"
"1V_D.1.2"	"nuc"	8911	"C"
"1V_D.1.2"	"nuc"	8917	"A"
"1V_D.1.2"	"nuc"	9904	"C"
"1V_D.1.2"	"nuc"	9910	"C"
"1V_D.1.2"	"nuc"	10018	"C"
"1V_D.1.2"	"E"	338	"L"
"1V_D.1.2"	"NS4A"	99	"G"
			
"1V_D.2"	"nuc"	1174	"A"
"1V_D.2"	"nuc"	1810	"T"
"1V_D.2"	"nuc"	4855	"T"
"1V_D.2"	"nuc"	7213	"A"
"1V_D.2"	"nuc"	9613	"T"
"1V_D.2"	"NS4A"	93	"T"
			
"1V_E"	"nuc"	703	"G"
"1V_E"	"nuc"	848	"T"
"1V_E"	"nuc"	1813	"C"
"1V_E"	"nuc"	2115	"G"
"1V_E"	"nuc"	3371	"C"
"1V_E"	"nuc"	4303	"A"
"1V_E"	"nuc"	4306	"A"
"1V_E"	"nuc"	5116	"G"
"1V_E"	"nuc"	6046	"T"
"1V_E"	"nuc"	6622	"C"
"1V_E"	"nuc"	6927	"A"
"1V_E"	"nuc"	9511	"A"
"1V_E"	"M"	89	"E"
"1V_E"	"M"	138	"F"
"1V_E"	"E"	394	"R"
"1V_E"	"NS4B"	34	"H"
			
"1V_E.1"	"nuc"	848	"C"
"1V_E.1"	"nuc"	2372	"G"
"1V_E.1"	"nuc"	8332	"G"
"1V_E.1"	"nuc"	9106	"A"
"1V_E.1"	"E"	480	"V"
			
"1V_E.2"	"nuc"	1413	"T"
"1V_E.2"	"nuc"	5240	"G"
"1V_E.2"	"nuc"	7642	"G"
"1V_E.2"	"E"	160	"I"
"1V_E.2"	"NS3"	241	"V"
			
"1V_E.3"	"nuc"	6547	"A"
"1V_E.3"	"nuc"	328	"T"
"1V_E.3"	"nuc"	1582	"G"
"1V_E.3"	"nuc"	2249	"A"
"1V_E.3"	"nuc"	2566	"G"
"1V_E.3"	"nuc"	2654	"T"
"1V_E.3"	"nuc"	2719	"G"
"1V_E.3"	"nuc"	3493	"C"
"1V_E.3"	"nuc"	3655	"C"
"1V_E.3"	"nuc"	3664	"C"
"1V_E.3"	"nuc"	4267	"T"
"1V_E.3"	"nuc"	4607	"T"
"1V_E.3"	"nuc"	4639	"T"
"1V_E.3"	"nuc"	4735	"A"
"1V_E.3"	"nuc"	5575	"C"
"1V_E.3"	"nuc"	7330	"A"
"1V_E.3"	"nuc"	7501	"T"
"1V_E.3"	"nuc"	7948	"A"
"1V_E.3"	"nuc"	8572	"C"
"1V_E.3"	"nuc"	9194	"G"
"1V_E.3"	"nuc"	10046	"A"
"1V_E.3"	"E"	439	"I"
"1V_E.3"	"NS5"	541	"V"
"1V_E.3"	"NS5"	825	"N"
			
"1V_E.4"	"nuc"	5779	"A"
"1V_E.4"	"nuc"	673	"A"
"1V_E.4"	"nuc"	850	"C"
"1V_E.4"	"nuc"	865	"C"
"1V_E.4"	"nuc"	1055	"C"
"1V_E.4"	"nuc"	1819	"A"
"1V_E.4"	"nuc"	2115	"A"
"1V_E.4"	"nuc"	2689	"G"
"1V_E.4"	"nuc"	3379	"T"
"1V_E.4"	"nuc"	3380	"C"
"1V_E.4"	"nuc"	4153	"C"
"1V_E.4"	"nuc"	4384	"G"
"1V_E.4"	"nuc"	4595	"C"
"1V_E.4"	"nuc"	4693	"C"
"1V_E.4"	"nuc"	4735	"T"
"1V_E.4"	"nuc"	5488	"A"
"1V_E.4"	"nuc"	6457	"T"
"1V_E.4"	"nuc"	6903	"T"
"1V_E.4"	"nuc"	7579	"A"
"1V_E.4"	"nuc"	7598	"C"
"1V_E.4"	"nuc"	7813	"T"
"1V_E.4"	"nuc"	8635	"C"
"1V_E.4"	"nuc"	9094	"G"
"1V_E.4"	"nuc"	10165	"G"
"1V_E.4"	"nuc"	10201	"A"
"1V_E.4"	"E"	394	"K"
"1V_E.4"	"NS4B"	26	"V"
			
"1V_F"	"nuc"	2578	"A"
"1V_F"	"nuc"	3190	"G"
"1V_F"	"nuc"	1243	"C"
"1V_F"	"nuc"	1333	"G"
"1V_F"	"nuc"	1357	"T"
"1V_F"	"nuc"	1477	"T"
"1V_F"	"nuc"	1951	"T"
"1V_F"	"nuc"	2719	"G"
"1V_F"	"nuc"	2818	"T"
"1V_F"	"nuc"	3001	"T"
"1V_F"	"nuc"	3761	"T"
"1V_F"	"nuc"	3929	"T"
"1V_F"	"nuc"	4771	"A"
"1V_F"	"nuc"	6505	"C"
"1V_F"	"nuc"	6608	"T"
"1V_F"	"nuc"	6901	"C"
"1V_F"	"nuc"	8833	"G"
"1V_F"	"nuc"	9793	"G"
"1V_F"	"nuc"	10255	"T"
			
"1V_G"	"nuc"	5263	"C"
"1V_G"	"nuc"	9928	"A"
"1V_G"	"NS5"	785	"E"
			
"1V_H"	"nuc"	2562	"G"
"1V_H"	"nuc"	3067	"G"
"1V_H"	"nuc"	4112	"G"
"1V_H"	"nuc"	5014	"A"
"1V_H"	"nuc"	5101	"C"
"1V_H"	"nuc"	7094	"C"
"1V_H"	"nuc"	8095	"C"
"1V_H"	"nuc"	9477	"G"
"1V_H"	"NS1"	48	"R"
"1V_H"	"NS2A"	213	"E"
"1V_H"	"NS4B"	90	"L"
"1V_H"	"NS5"	635	"S"
			
"1V_J"	"nuc"	505	"G"
"1V_J"	"nuc"	1153	"G"
"1V_J"	"nuc"	2101	"G"
"1V_J"	"nuc"	5503	"A"
"1V_J"	"nuc"	6343	"T"
"1V_J"	"nuc"	8017	"A"
"1V_J"	"nuc"	9304	"A"
"1V_J"	"nuc"	9376	"G"
"1V_J"	"NS5"	651	"T"
			
"Outgroup"	"nuc"	395	"A"
"Outgroup"	"nuc"	452	"A"
"Outgroup"	"nuc"	950	"G"
"Outgroup"	"nuc"	1292	"G"
"Outgroup"	"nuc"	1404	"G"
"Outgroup"	"nuc"	1699	"C"
"Outgroup"	"nuc"	2692	"G"
"Outgroup"	"nuc"	2726	"G"
"Outgroup"	"nuc"	2911	"C"
"Outgroup"	"nuc"	3079	"A"
"Outgroup"	"nuc"	3430	"C"
"Outgroup"	"nuc"	3820	"T"
"Outgroup"	"nuc"	3955	"G"
"Outgroup"	"nuc"	4487	"C"
"Outgroup"	"nuc"	4825	"C"
"Outgroup"	"nuc"	4826	"A"
"Outgroup"	"nuc"	4991	"G"
"Outgroup"	"nuc"	5074	"A"
"Outgroup"	"nuc"	5467	"C"
"Outgroup"	"nuc"	5713	"T"
"Outgroup"	"nuc"	5716	"G"
"Outgroup"	"nuc"	5740	"G"
"Outgroup"	"nuc"	5956	"A"
"Outgroup"	"nuc"	6871	"A"
"Outgroup"	"nuc"	6983	"T"
"Outgroup"	"nuc"	7576	"A"
"Outgroup"	"nuc"	8053	"G"
"Outgroup"	"nuc"	9227	"G"
"Outgroup"	"nuc"	9748	"A"
"Outgroup"	"C"	101	"T"
"Outgroup"	"E"	6	"V"
"Outgroup"	"E"	120	"E"
"Outgroup"	"E"	157	"G"
"Outgroup"	"E"	345	"I"
"Outgroup"	"NS1"	103	"V"
"Outgroup"	"NS1"	146	"S"
"Outgroup"	"NS2A"	115	"D"
"Outgroup"	"NS3"	103	"R"
"Outgroup"	"NS3"	158	"G"
"Outgroup"	"NS4B"	53	"L"
"Outgroup"	"NS5"	34	"V"
"Outgroup"	"NS5"	552	"V"
